Ács Zoltán <acszoltan111@gmail.com>
Adolfo Jayme Barrientos <fitojb@ubuntu.com>
Adrià Martín <adriamartinmor@gmail.com>
Allan Nordhøy <epost@anotheragency.no>
Anders Jonsson <anders.jonsson@norsjovallen.se>
antuketot76 <antuketot76@protonmail.com>
Baka Gaijin <lewdwarrior@waifu.club>
Boyuan Yang <073plan@gmail.com>
이정희 <daemul72@gmail.com>
Doron Behar <doron.behar@gmail.com>
Eric <alchemillatruth@purelymail.com>
Eric <hamburger1024@mailbox.org>
Eryk Michalak <gnu.ewm@protonmail.com>
gallegonovato <fran-carro@hotmail.es>
Gediminas Murauskas <muziejusinfo@gmail.com>
Heimen Stoffels <vistausss@fastmail.com>
Ingo Meyer <IJ_M@gmx.de>
J. Lavoie <j.lavoie@net-c.ca>
Joan CiberSheep <cibersheep@gmail.com>
Kei Homma <kei.homma@soundmouse.co.jp>
koffevar <egor.kafisov@gmail.com>
Kristjan Räts <kristjanrats@gmail.com>
Luna Jernberg <droidbittin@gmail.com>
mamuiz <mamuiz@hotmail.com>
Michalis <michalisntovas@yahoo.gr>
Michele <miguel2000@livecom.it>
Mike Gabriel <mike.gabriel@das-netzwerkteam.de>
Milan Korecky <milan.korecky@gmail.com>
Milo Ivir <mail@milotype.de>
Moo <hazap@hotmail.com>
Oğuz Ersen <oguz@ersen.moe>
Oğuz Ersen <oguzersen@protonmail.com>
Phil Clifford <philip.clifford@gmail.com>
phlostically <phlostically@mailinator.com>
Quentin PAGÈS <quentinantonin@free.fr>
Reza Almanda <rezaalmanda27@gmail.com>
Robert Tari <robert@tari.in>
Rob Pearson <rob.dunedin@gmail.com>
Rokas Kasnauskas <rokas.kasnauskas@gmail.com>
Sabri Ünal <libreajans@gmail.com>
sai vineeth kumar tumu <saivineethkumartumu@gmail.com>
Sergii Horichenko <m@sgg.im>
Serhii Horichenko <m@sgg.im>
spnux <stephane.petrus@posteo.net>
ssantos <ssantos@web.de>
Sylke Vicious <silkevicious@tuta.io>
Talking Panda <memredogan3626@gmail.com>
Tomáš Marný <tomik.marny@gmail.com>
Weblate <noreply@weblate.org>
Wellington Terumi Uemura <wellingtonuemura@gmail.com>
William Desportes <williamdes@wdes.fr>
Yaron Shahrabani <sh.yaron@gmail.com>
Yota321 <golamsayan@gmail.com>
